specialty,mse,rmse,rmse_pct,forecast_standard_deviation
REFRIGERATION,394090164090.4343,627766.0106205451,0.931977,522766.32274776
